{
    "CapitalLossCarryover": [
        0.0,
        985212.0,
        3000,
        988212.0,
        3000,
        85110,
        0,
        3000,
        82110,
        0.0,
        0.0,
        0.0,
        0.0,
        0.0
    ],
    "MortgageInterestDeduction": [
        0.0,
        0,
        0,
        1000000,
        1000000,
        0,
        0,
        999200.0,
        750000,
        750000,
        999200.0,
        750000,
        999200.0,
        12000,
        0.751,
        9012.0,
        2988.0
    ],
    "QualifiedDividendsAndCapitalGains": [
        0.0,
        983620.0,
        2169.0,
        0,
        2169.0,
        981451.0,
        47025,
        47025,
        47025,
        0,
        2169.0,
        0,
        -2169.0,
        518900,
        518900,
        981451.0,
        0.0,
        -2169.0,
        -325.34999999999997,
        -2169.0,
        4338.0,
        867.6,
        321324.62,
        321866.87,
        322127.15,
        321866.87
    ],
    "NYLine40ItemizedDeductions": [
        0.0,
        27566.0,
        0,
        27566.0,
        22052.800000000003,
        1002632.0,
        330200,
        672432.0,
        20172.96,
        20172.96,
        7393.040000000001
    ],
    "NYLine41ItemizedDeductionsSubtractions": [
        0.0,
        20172.96,
        27566.0,
        0.7318,
        15566.0,
        0,
        15566.0,
        11391.1988,
        4174.8012,
        0,
        0,
        4174.8012
    ],
    "NYLine46ItemizedDeductionsAdjustments": [
        0.0,
        1001581.0,
        100000,
        901581.0,
        50000,
        1.0,
        804.5,
        804.5
    ]
}